{
  "seed": 42,
  "n_bags": 5,
  "folds": {
    "2022": {
      "w_xgb": 0.7,
      "champion": {
        "brier": 0.629941,
        "brier_home": 0.251524,
        "brier_draw": 0.186004,
        "brier_away": 0.192413
      },
      "components_draw_brier": {
        "dc": 0.187129,
        "xgb": 0.186653,
        "hurdle": 0.18568,
        "blend_pre2nd": 0.186293,
        "final": 0.186004
      },
      "B": {
        "honest": {
          "w_ha": 0.725,
          "w_d": 0.7,
          "brier": 0.629977,
          "brier_home": 0.251515,
          "brier_draw": 0.186017,
          "brier_away": 0.192444
        },
        "oracle": {
          "w_ha": 0.7,
          "w_d": 0.7,
          "brier": 0.629941,
          "brier_home": 0.251524,
          "brier_draw": 0.186004,
          "brier_away": 0.192413
        }
      },
      "C": {
        "honest": {
          "alpha": 0.0,
          "w": 0.7,
          "cal_brier": 0.6351159205467467,
          "brier": 0.629941,
          "brier_home": 0.251524,
          "brier_draw": 0.186004,
          "brier_away": 0.192413
        },
        "oracle": {
          "alpha": 1.0,
          "w": 0.7,
          "cal_brier": 0.635871045332341,
          "brier": 0.628516,
          "brier_home": 0.251089,
          "brier_draw": 0.185128,
          "brier_away": 0.192298
        }
      }
    },
    "2023": {
      "w_xgb": 0.921,
      "champion": {
        "brier": 0.635596,
        "brier_home": 0.249894,
        "brier_draw": 0.207567,
        "brier_away": 0.178135
      },
      "components_draw_brier": {
        "dc": 0.205616,
        "xgb": 0.207732,
        "hurdle": 0.209514,
        "blend_pre2nd": 0.207367,
        "final": 0.207567
      },
      "B": {
        "honest": {
          "w_ha": 0.975,
          "w_d": 0.7,
          "brier": 0.634485,
          "brier_home": 0.249545,
          "brier_draw": 0.206945,
          "brier_away": 0.177995
        },
        "oracle": {
          "w_ha": 0.925,
          "w_d": 0.7,
          "brier": 0.634443,
          "brier_home": 0.249527,
          "brier_draw": 0.206968,
          "brier_away": 0.177948
        }
      },
      "C": {
        "honest": {
          "alpha": 1.0,
          "w": 0.917,
          "cal_brier": 0.6301614775137686,
          "brier": 0.638089,
          "brier_home": 0.250483,
          "brier_draw": 0.209177,
          "brier_away": 0.17843
        },
        "oracle": {
          "alpha": 0.0,
          "w": 0.921,
          "cal_brier": 0.6315658002856747,
          "brier": 0.635596,
          "brier_home": 0.249894,
          "brier_draw": 0.207567,
          "brier_away": 0.178135
        }
      }
    },
    "2024": {
      "w_xgb": 0.7,
      "champion": {
        "brier": 0.635476,
        "brier_home": 0.241587,
        "brier_draw": 0.184852,
        "brier_away": 0.209037
      },
      "components_draw_brier": {
        "dc": 0.18582,
        "xgb": 0.185649,
        "hurdle": 0.186494,
        "blend_pre2nd": 0.185304,
        "final": 0.184852
      },
      "B": {
        "honest": {
          "w_ha": 0.7,
          "w_d": 0.7,
          "brier": 0.635476,
          "brier_home": 0.241587,
          "brier_draw": 0.184852,
          "brier_away": 0.209037
        },
        "oracle": {
          "w_ha": 0.875,
          "w_d": 0.7,
          "brier": 0.634816,
          "brier_home": 0.240911,
          "brier_draw": 0.185008,
          "brier_away": 0.208897
        }
      },
      "C": {
        "honest": {
          "alpha": 0.0,
          "w": 0.7,
          "cal_brier": 0.6345386388994011,
          "brier": 0.635476,
          "brier_home": 0.241587,
          "brier_draw": 0.184852,
          "brier_away": 0.209037
        },
        "oracle": {
          "alpha": 0.0,
          "w": 0.7,
          "cal_brier": 0.6345386388994011,
          "brier": 0.635476,
          "brier_home": 0.241587,
          "brier_draw": 0.184852,
          "brier_away": 0.209037
        }
      }
    },
    "2025": {
      "w_xgb": 0.87,
      "champion": {
        "brier": 0.631319,
        "brier_home": 0.234709,
        "brier_draw": 0.18881,
        "brier_away": 0.2078
      },
      "components_draw_brier": {
        "dc": 0.191559,
        "xgb": 0.18884,
        "hurdle": 0.188614,
        "blend_pre2nd": 0.188971,
        "final": 0.18881
      },
      "B": {
        "honest": {
          "w_ha": 0.75,
          "w_d": 1.0,
          "brier": 0.631652,
          "brier_home": 0.235018,
          "brier_draw": 0.18871,
          "brier_away": 0.207924
        },
        "oracle": {
          "w_ha": 0.925,
          "w_d": 0.95,
          "brier": 0.63128,
          "brier_home": 0.234733,
          "brier_draw": 0.188805,
          "brier_away": 0.207742
        }
      },
      "C": {
        "honest": {
          "alpha": 0.0,
          "w": 0.87,
          "cal_brier": 0.638836372015772,
          "brier": 0.631319,
          "brier_home": 0.234709,
          "brier_draw": 0.18881,
          "brier_away": 0.2078
        },
        "oracle": {
          "alpha": 0.15,
          "w": 0.858,
          "cal_brier": 0.6391081788116334,
          "brier": 0.631296,
          "brier_home": 0.234801,
          "brier_draw": 0.188746,
          "brier_away": 0.207749
        }
      }
    }
  },
  "pooled_champion": {
    "brier": 0.633117,
    "brier_home": 0.244228,
    "brier_draw": 0.191867,
    "brier_away": 0.197021
  },
  "T1_murphy": {
    "pooled": {
      "brier": 0.19186691944533935,
      "unc": 0.191535,
      "res": 0.000477,
      "rel": 0.000926,
      "base_rate": 0.2582
    },
    "2022": {
      "brier": 0.18600386926477605,
      "unc": 0.186215,
      "res": 0.000782,
      "rel": 0.000922,
      "base_rate": 0.2474
    },
    "2023": {
      "brier": 0.2075666843833969,
      "unc": 0.205017,
      "res": 0.001442,
      "rel": 0.003969,
      "base_rate": 0.2879
    },
    "2024": {
      "brier": 0.1848524021108163,
      "unc": 0.186055,
      "res": 0.002093,
      "rel": 0.001072,
      "base_rate": 0.2471
    },
    "2025": {
      "brier": 0.18880957139754015,
      "unc": 0.1875,
      "res": 0.000475,
      "rel": 0.001918,
      "base_rate": 0.25
    }
  },
  "T2_reliability": {
    "pooled": [
      {
        "bin": "0.15",
        "n": 37,
        "p_mean": 0.1897,
        "freq": 0.1351,
        "rel_contrib": 5.3e-05
      },
      {
        "bin": "0.20",
        "n": 568,
        "p_mean": 0.2324,
        "freq": 0.2412,
        "rel_contrib": 2.1e-05
      },
      {
        "bin": "0.25",
        "n": 1072,
        "p_mean": 0.274,
        "freq": 0.2715,
        "rel_contrib": 3e-06
      },
      {
        "bin": "0.30",
        "n": 369,
        "p_mean": 0.3169,
        "freq": 0.2602,
        "rel_contrib": 0.000574
      },
      {
        "bin": "0.35",
        "n": 25,
        "p_mean": 0.3665,
        "freq": 0.24,
        "rel_contrib": 0.000193
      }
    ],
    "by_lam_mu": [
      {
        "quintile": 1,
        "lam_mu_range": "1.52-2.50",
        "n": 415,
        "pred": 0.2798,
        "obs": 0.2627,
        "draw_brier": 0.194719
      },
      {
        "quintile": 2,
        "lam_mu_range": "2.50-2.76",
        "n": 414,
        "pred": 0.2736,
        "obs": 0.285,
        "draw_brier": 0.205156
      },
      {
        "quintile": 3,
        "lam_mu_range": "2.76-3.00",
        "n": 414,
        "pred": 0.27,
        "obs": 0.2585,
        "draw_brier": 0.192493
      },
      {
        "quintile": 4,
        "lam_mu_range": "3.00-3.31",
        "n": 415,
        "pred": 0.2663,
        "obs": 0.2627,
        "draw_brier": 0.193004
      },
      {
        "quintile": 5,
        "lam_mu_range": "3.31-4.96",
        "n": 414,
        "pred": 0.2599,
        "obs": 0.2222,
        "draw_brier": 0.173953
      }
    ]
  },
  "T3_components": {
    "dc": 0.192602,
    "xgb": 0.19227,
    "hurdle": 0.192643,
    "blend_pre2nd": 0.192041,