{
  "bundesliga": -60.51694778038807,
  "epl": 0.0,
  "la-liga": -44.950353204873636,
  "liga-mx": 30.0,
  "ligue-1": -80.77146131276965,
  "mls": 0.0,
  "serie-a": -54.3980077186135
}