{
  "austria-bundesliga": -15.999457772126823,
  "belgian-pro": -122.0626561838869,
  "bundesliga": -57.37172926500163,
  "denmark-superliga": -3.9113756282262475,
  "epl": 0.0,
  "eredivisie": -102.99705943170765,
  "finland-veikkausliiga": -25.04517276792757,
  "greek-super": -169.53341454067038,
  "ireland-premier": -1.4067690008900566,
  "la-liga": -41.520482834184484,
  "liga-mx": 30.0,
  "ligue-1": -75.47633425945814,
  "mls": 0.0,
  "norway-eliteserien": -6.052645299976984,
  "poland-ekstraklasa": 5.426073590957528,
  "primeira": -195.32285180643558,
  "romania-liga1": -10.0216529394571,
  "russia-premier": -10.437149666544839,
  "scottish-prem": -192.16890693818874,
  "serie-a": -54.21810797663026,
  "super-lig": -149.44016222607144,
  "sweden-allsvenskan": -20.319105741730095,
  "swiss-super-league": -8.494414422749264
}