{
  "bundesliga": -60.52123718891952,
  "epl": 0.0,
  "la-liga": -44.95027829082474,
  "liga-mx": 30.0,
  "ligue-1": -80.76960236180254,
  "mls": 0.0,
  "serie-a": -54.40147461722669
}